Label,itemLabelheb,uri,count,equals
abolitionist,תומך בביטול העבדות,http://www.wikidata.org/entity/Q18510179,205,Q18510179
acarologist,אקרולוג,http://www.wikidata.org/entity/Q19798999,542,Q19798999
accordionist,נגן אקורדיון,http://www.wikidata.org/entity/Q1863064,735,Q1863064
activist,פעיל חברתי,http://www.wikidata.org/entity/Q15253558,7802,Q15253558
actor,שחקן,http://www.wikidata.org/entity/Q33999,304050,Q33999
administrator,אדמיניסטרטור,http://www.wikidata.org/entity/Q16532929,610,Q16532929
adventurer,הרפתקן,http://www.wikidata.org/entity/Q2873500,335,Q2873500
advisor,יועץ,http://www.wikidata.org/entity/Q2994387,1038,Q2994387
aerospace engineer,מהנדס אווירונאוטיקה,http://www.wikidata.org/entity/Q10497074,1875,Q10497074
Agent,Q109555060,http://www.wikidata.org/entity/Q109555060,57,Q109555060
agricultural worker,Q19261760,http://www.wikidata.org/entity/Q19261760,57,Q19261760
aikidoka,Q4696968,http://www.wikidata.org/entity/Q4696968,179,Q4696968
Aliyah Bet activist,פעיל ההעפלה,http://www.wikidata.org/entity/Q66771409,130,Q66771409
amateur astronomer,אסטרונום חובב,http://www.wikidata.org/entity/Q11442656,100,Q11442656
amateur photographer,Q21694268,http://www.wikidata.org/entity/Q21694268,201,Q21694268
amateur radio operator,מפעיל תחנת חובבים,http://www.wikidata.org/entity/Q1939892,64,Q1939892
ambassador,שגריר,http://www.wikidata.org/entity/Q121998,783,Q121998
American football coach,Q42331263,http://www.wikidata.org/entity/Q42331263,2294,Q42331263
analytical chemist,Q43668003,http://www.wikidata.org/entity/Q43668003,153,Q43668003
anarchist,אנרכיסט,http://www.wikidata.org/entity/Q12961474,274,Q12961474
anarcho-syndicalist,אנרכו-סינדיקליסט,http://www.wikidata.org/entity/Q24293741,105,Q24293741
anchorite,Q1146843,http://www.wikidata.org/entity/Q1146843,60,Q1146843
Ancient Roman military personnel,איש צבא רומאי,http://www.wikidata.org/entity/Q98103687,1277,Q98103687
Ancient Roman politician,פוליטיקאי רומאי,http://www.wikidata.org/entity/Q97667506,1466,Q97667506
animal rights advocate,פעיל זכויות בעלי חיים,http://www.wikidata.org/entity/Q19509237,176,Q19509237
annelidologist,Q38687772,http://www.wikidata.org/entity/Q38687772,191,Q38687772
anti-vaccine activist,פעיל אנטי-חיסונים,http://www.wikidata.org/entity/Q29887242,171,Q29887242
antifascist,Q88193198,http://www.wikidata.org/entity/Q88193198,55,Q88193198
applied mathematician,Q102038373,http://www.wikidata.org/entity/Q102038373,144,Q102038373
arachnologist,ארכנולוג,http://www.wikidata.org/entity/Q17344952,1652,Q17344952
archaeologist,ארכאולוג,http://www.wikidata.org/entity/Q3621491,18198,Q3621491
architect,אדריכל,http://www.wikidata.org/entity/Q42973,57900,Q42973
aristocrat,אריסטוקרט,http://www.wikidata.org/entity/Q2478141,10623,Q2478141
Armenian freedom fighter,Q27548835,http://www.wikidata.org/entity/Q27548835,90,Q27548835
art collector,אספן אמנות,http://www.wikidata.org/entity/Q10732476,5111,Q10732476
art historian,היסטוריון אמנות,http://www.wikidata.org/entity/Q1792450,20770,Q1792450
artist,אמן,http://www.wikidata.org/entity/Q483501,71662,Q483501
artistic director,מנהל אמנותי,http://www.wikidata.org/entity/Q1797162,419,Q1797162
artistic gymnast,מתעמל מכשירים,http://www.wikidata.org/entity/Q13381572,5991,Q13381572
ashik,אשוג,http://www.wikidata.org/entity/Q7097633,80,Q7097633
assassin,מתנקש,http://www.wikidata.org/entity/Q55983771,189,Q55983771
assistant,עוזר,http://www.wikidata.org/entity/Q23835475,247,Q23835475
athlete,ספורטאי,http://www.wikidata.org/entity/Q2066131,23975,"Q2066131,Q11513337"
Australian rules football coach,Q50214236,http://www.wikidata.org/entity/Q50214236,405,Q50214236
author,מחבר,http://www.wikidata.org/entity/Q482980,55378,Q482980
autobiographer,אוטוביוגרף,http://www.wikidata.org/entity/Q18814623,2889,Q18814623
AV idol,כוכבת פורנו יפנית,http://www.wikidata.org/entity/Q1079215,3618,Q1079215
backing vocalist,זמר רקע,http://www.wikidata.org/entity/Q798487,314,Q798487
bandit,Q16144978,http://www.wikidata.org/entity/Q16144978,59,Q16144978
bandoneonist,נגן בנדונאון,http://www.wikidata.org/entity/Q20791985,343,Q20791985
bandurist,Q4854747,http://www.wikidata.org/entity/Q4854747,50,Q4854747
bandy player,שחקן בנדי,http://www.wikidata.org/entity/Q18702210,1160,Q18702210
bank manager,מנהל בנק,http://www.wikidata.org/entity/Q32947888,337,Q32947888
bank robber,שודד בנקים,http://www.wikidata.org/entity/Q20650518,80,Q20650518
banker,בנקאי,http://www.wikidata.org/entity/Q806798,11272,Q806798
barber,ספר,http://www.wikidata.org/entity/Q107198,158,Q107198
barrister,פרקליט,http://www.wikidata.org/entity/Q808967,6231,Q808967
bass guitarist,בסיסט,http://www.wikidata.org/entity/Q12360214,518,Q12360214
bassoonist,נגן בסון,http://www.wikidata.org/entity/Q12310971,316,Q12310971
beach handball player,Q57749966,http://www.wikidata.org/entity/Q57749966,195,Q57749966
beach volleyball player,שחקן כדורעף חופים,http://www.wikidata.org/entity/Q17361156,1635,Q17361156
beauty pageant contestant,מתחרה בתחרות יופי,http://www.wikidata.org/entity/Q18581305,4362,Q18581305
bell-ringer,פעמונר,http://www.wikidata.org/entity/Q587524,92,Q587524
benefactor,Q4887411,http://www.wikidata.org/entity/Q4887411,177,Q4887411
Bible translator,"מתרגם תנ""ך",http://www.wikidata.org/entity/Q24262584,669,Q24262584
bibliophile,ביבליופיל,http://www.wikidata.org/entity/Q18120029,513,Q18120029
biographer,ביוגרף,http://www.wikidata.org/entity/Q864380,4672,Q864380
blacksmith,נפח,http://www.wikidata.org/entity/Q1639825,702,Q1639825
bladesmith,Q885444,http://www.wikidata.org/entity/Q885444,219,Q885444
book collector,אספן ספרים,http://www.wikidata.org/entity/Q28776412,135,Q28776412
book historian,Q37311684,http://www.wikidata.org/entity/Q37311684,129,Q37311684
bookseller,מוכר ספרים,http://www.wikidata.org/entity/Q998550,6609,Q998550
botanical collector,Q2083925,http://www.wikidata.org/entity/Q2083925,2675,Q2083925
breeder,מרביע בעלי חיים,http://www.wikidata.org/entity/Q1368409,170,Q1368409
brigand,Q20650523,http://www.wikidata.org/entity/Q20650523,121,Q20650523
broadcast writer,Q11499012,http://www.wikidata.org/entity/Q11499012,417,Q11499012
broadcasting executive,Q28050438,http://www.wikidata.org/entity/Q28050438,72,Q28050438
business executive,מנהל עסקים,http://www.wikidata.org/entity/Q2961975,8317,Q2961975
business magnate,טייקון,http://www.wikidata.org/entity/Q911554,208,Q911554
businessperson,איש עסקים,http://www.wikidata.org/entity/Q43845,74739,Q43845
cabinetmaker,בונה ארונות,http://www.wikidata.org/entity/Q559597,498,Q559597
campaign manager,Q5027838,http://www.wikidata.org/entity/Q5027838,75,Q5027838
cancionista,Q24961653,http://www.wikidata.org/entity/Q24961653,201,Q24961653
canon law jurist,קאנוניסט,http://www.wikidata.org/entity/Q12027957,634,Q12027957
"cantaor, cantaora",Q51374880,http://www.wikidata.org/entity/Q51374880,82,Q51374880
carcinologist,קרצינולוג,http://www.wikidata.org/entity/Q16868721,1579,Q16868721
carom billiards player,Q26876987,http://www.wikidata.org/entity/Q26876987,185,Q26876987
cartographer,קרטוגרף,http://www.wikidata.org/entity/Q1734662,3206,Q1734662
cartoonist,צייר קומיקס,http://www.wikidata.org/entity/Q1114448,4168,Q1114448
Catholic seminarian,Q1155081,http://www.wikidata.org/entity/Q1155081,53,Q1155081
celebrity,ידוען,http://www.wikidata.org/entity/Q211236,165,Q211236
chairperson,יושב ראש,http://www.wikidata.org/entity/Q140686,901,Q140686
charity worker,Q66660783,http://www.wikidata.org/entity/Q66660783,75,Q66660783
chess composer,פרובלמאי,http://www.wikidata.org/entity/Q2627699,752,Q2627699
chief executive officer,מנהל כללי,http://www.wikidata.org/entity/Q484876,3045,Q484876
chief of police,Q2855502,http://www.wikidata.org/entity/Q2855502,113,Q2855502
chinovnik,פקיד ציבורי,http://www.wikidata.org/entity/Q382887,165,Q382887
church writer,Q51174991,http://www.wikidata.org/entity/Q51174991,88,Q51174991
cinematographer,צלם קולנוע,http://www.wikidata.org/entity/Q222344,15371,Q222344
city head,Q4145633,http://www.wikidata.org/entity/Q4145633,61,Q4145633
civil rights advocate,עורך דין לזכויות אדם,http://www.wikidata.org/entity/Q1021386,324,Q1021386
clandestine agent,Q25893271,http://www.wikidata.org/entity/Q25893271,74,Q25893271
clarinetist,קלרניתן,http://www.wikidata.org/entity/Q118865,1466,Q118865
classical composer,מלחין קלאסי,http://www.wikidata.org/entity/Q21680663,432,Q21680663
clerk,פקיד,http://www.wikidata.org/entity/Q738142,845,Q738142
climate activist,פעיל אקלים,http://www.wikidata.org/entity/Q61048378,298,Q61048378
clockmaker,שען,http://www.wikidata.org/entity/Q2700922,293,Q2700922
cnidariologist,סנידריולוג,http://www.wikidata.org/entity/Q5137366,113,Q5137366
co-founder,Q45916492,http://www.wikidata.org/entity/Q45916492,55,Q45916492
co-producer,Q11999333,http://www.wikidata.org/entity/Q11999333,139,Q11999333
cobbler,סנדלר,http://www.wikidata.org/entity/Q152355,520,Q152355
coleopterist,Q11741162,http://www.wikidata.org/entity/Q11741162,135,Q11741162
collector,אספן,http://www.wikidata.org/entity/Q3243461,2054,Q3243461
collector of fairy tales,אספן אגדות,http://www.wikidata.org/entity/Q64733534,183,Q64733534
combatant,לוחם,http://www.wikidata.org/entity/Q1414937,59,Q1414937
combined track and field event athlete,Q14605941,http://www.wikidata.org/entity/Q14605941,64,Q14605941
comedian,קומיקאי,http://www.wikidata.org/entity/Q245068,8116,Q245068
communicator,Q5780518,http://www.wikidata.org/entity/Q5780518,151,Q5780518
community leader,מנהיג קהילה,http://www.wikidata.org/entity/Q1500610,457,Q1500610
community organizer,"פעיל חברתי, עסקן ציבורי",http://www.wikidata.org/entity/Q28532974,161,Q28532974
composer,מלחין,http://www.wikidata.org/entity/Q36834,96375,Q36834
computer engineer,Q56285767,http://www.wikidata.org/entity/Q56285767,240,Q56285767
con artist,נוכל,http://www.wikidata.org/entity/Q14948222,235,Q14948222
concentration camp guard,מנהל מחנה ריכוז,http://www.wikidata.org/entity/Q28789517,342,Q28789517
concert singer,Q1783698,http://www.wikidata.org/entity/Q1783698,133,Q1783698
conchologist,Q43095928,http://www.wikidata.org/entity/Q43095928,88,Q43095928
conquistador,קונקיסטאדור,http://www.wikidata.org/entity/Q126236,164,Q126236
consort,מלכה רעיה,http://www.wikidata.org/entity/Q5784340,336,Q5784340
construction contractor,Q73174840,http://www.wikidata.org/entity/Q73174840,118,Q73174840
construction foreman,Q691522,http://www.wikidata.org/entity/Q691522,215,Q691522
construction officer,Q811111,http://www.wikidata.org/entity/Q811111,51,Q811111
cookbook author,סופר בישול,http://www.wikidata.org/entity/Q27431213,284,Q27431213
coppersmith,Q1551626,http://www.wikidata.org/entity/Q1551626,100,Q1551626
correspondence chess player,שחמטאי בהתכתבות,http://www.wikidata.org/entity/Q30176225,2456,Q30176225
cosplayer,קוספלייר,http://www.wikidata.org/entity/Q18810049,127,Q18810049
costume designer,מעצב תלבושות,http://www.wikidata.org/entity/Q1323191,4729,Q1323191
council member,חבר מועצה,http://www.wikidata.org/entity/Q708492,3114,Q708492
country singer,זמר קאנטרי,http://www.wikidata.org/entity/Q66763708,67,Q66763708
courier,שליח,http://www.wikidata.org/entity/Q848466,82,Q848466
court clerk,Q641208,http://www.wikidata.org/entity/Q641208,88,Q641208
court official,Q61905636,http://www.wikidata.org/entity/Q61905636,264,Q61905636
courtesan,קורטיזנה,http://www.wikidata.org/entity/Q376924,63,Q376924
courtier,חצרן,http://www.wikidata.org/entity/Q1511216,289,Q1511216
coxswain,Q1690874,http://www.wikidata.org/entity/Q1690874,489,Q1690874
creator,יוצר,http://www.wikidata.org/entity/Q2500638,2808,Q2500638
crime boss,ראש ארגון פשע,http://www.wikidata.org/entity/Q4947495,151,Q4947495
crime writer,מחבר ספרות פשע,http://www.wikidata.org/entity/Q10297252,847,Q10297252
criminal,פושע,http://www.wikidata.org/entity/Q2159907,1418,Q2159907
cultural activist,פעיל תרבותי,http://www.wikidata.org/entity/Q21993562,444,Q21993562
cultural historian,היסטוריון תרבותי,http://www.wikidata.org/entity/Q15462162,746,Q15462162
curator,אוצר,http://www.wikidata.org/entity/Q674426,6281,Q674426
cyclist,Q2125610,http://www.wikidata.org/entity/Q2125610,169,Q2125610
cynologist,Q18511915,http://www.wikidata.org/entity/Q18511915,108,Q18511915
dairy farmer,רפתן,http://www.wikidata.org/entity/Q23666894,89,Q23666894
dancer,רקדן,http://www.wikidata.org/entity/Q5716684,13227,Q5716684
daoshi,Q1165430,http://www.wikidata.org/entity/Q1165430,85,Q1165430
debater,Q12307965,http://www.wikidata.org/entity/Q12307965,82,Q12307965
decathlete,Q21141381,http://www.wikidata.org/entity/Q21141381,163,Q21141381
decorative artist,Q62521253,http://www.wikidata.org/entity/Q62521253,79,Q62521253
dentist,רופא שיניים,http://www.wikidata.org/entity/Q27349,3037,Q27349
dialect writer,Q61043360,http://www.wikidata.org/entity/Q61043360,689,Q61043360
diarist,כותב יומן,http://www.wikidata.org/entity/Q18939491,1026,Q18939491
digital artist,אמן מחשב,http://www.wikidata.org/entity/Q22812879,178,Q22812879
dipterologist,Q63146541,http://www.wikidata.org/entity/Q63146541,76,Q63146541
director,דירקטור,http://www.wikidata.org/entity/Q1162163,2484,Q1162163
disability rights activist,פעיל זכויות אנשים עם מוגבלויות,http://www.wikidata.org/entity/Q61857538,90,Q61857538
disc jockey,די ג'יי,http://www.wikidata.org/entity/Q130857,5721,Q130857
dissident,דיסידנט,http://www.wikidata.org/entity/Q181043,144,Q181043
diver,צולל,http://www.wikidata.org/entity/Q1866686,113,Q1866686
docent,דוצנט,http://www.wikidata.org/entity/Q462390,2472,Q462390
dog trainer,מאלף כלבים,http://www.wikidata.org/entity/Q1637531,60,Q1637531
dollmaker,Q18617002,http://www.wikidata.org/entity/Q18617002,62,Q18617002
donor,Q1968442,http://www.wikidata.org/entity/Q1968442,214,Q1968442
double-bassist,נגן קונטרבס,http://www.wikidata.org/entity/Q1214796,562,Q1214796
drag queen,דמות דראג,http://www.wikidata.org/entity/Q337084,323,Q337084
drawer,שרטט,http://www.wikidata.org/entity/Q15296811,18742,Q15296811
dressmaker,תופר,http://www.wikidata.org/entity/Q2034021,311,Q2034021
driver,נהג,http://www.wikidata.org/entity/Q352388,266,Q352388
drug lord,ברון סמים,http://www.wikidata.org/entity/Q2543769,80,Q2543769
drummer,מתופף,http://www.wikidata.org/entity/Q386854,5075,Q386854
echinodermologist,Q24040377,http://www.wikidata.org/entity/Q24040377,103,Q24040377
editor,עורך,http://www.wikidata.org/entity/Q1607826,15173,Q1607826
editor-in-chief,עורך ראשי,http://www.wikidata.org/entity/Q589298,1773,Q589298
employee,מועסק,http://www.wikidata.org/entity/Q703534,1850,Q703534
enduro rider,Q55986349,http://www.wikidata.org/entity/Q55986349,58,Q55986349
Engelandvaarder,Q1880441,http://www.wikidata.org/entity/Q1880441,68,Q1880441
engineer of the French Corps of Bridges and Roads,Q650012,http://www.wikidata.org/entity/Q650012,113,Q650012
entertainer,בדרן,http://www.wikidata.org/entity/Q138858,742,Q138858
entomologist,אנטומולוג,http://www.wikidata.org/entity/Q3055126,21401,Q3055126
environmentalist,סביבתן,http://www.wikidata.org/entity/Q3578589,2148,Q3578589
epidemiologist,אפידמיולוג,http://www.wikidata.org/entity/Q13416803,1466,Q13416803
epigrammatist,מחבר מכתמים,http://www.wikidata.org/entity/Q26237228,278,Q26237228
erudite person,מלומד,http://www.wikidata.org/entity/Q20826540,1186,Q20826540
Esperantist,אספרנטיסט,http://www.wikidata.org/entity/Q860918,5208,Q860918
estate owner,Q66495020,http://www.wikidata.org/entity/Q66495020,701,Q66495020
etcher,גלופאי,http://www.wikidata.org/entity/Q10862983,2177,Q10862983
ethnobotanist,Q32518759,http://www.wikidata.org/entity/Q32518759,97,Q32518759
eunuch,סריס,http://www.wikidata.org/entity/Q179294,220,Q179294
evolutionary biologist,ביולוג אבולוציוני,http://www.wikidata.org/entity/Q16063497,286,Q16063497
exorcist,מגרש שדים,http://www.wikidata.org/entity/Q2467532,57,Q2467532
expert,מומחה,http://www.wikidata.org/entity/Q381160,128,Q381160
explorer,חוקר ארצות,http://www.wikidata.org/entity/Q11900058,6887,Q11900058
factory worker,Q87285943,http://www.wikidata.org/entity/Q87285943,127,Q87285943
fantasy author,סופרת פנטזיה,http://www.wikidata.org/entity/Q5434338,65,Q5434338
farmer,חקלאי,http://www.wikidata.org/entity/Q131512,15050,Q131512
fashion designer,מעצב אופנה,http://www.wikidata.org/entity/Q3501317,4054,Q3501317
fencer,סייף,http://www.wikidata.org/entity/Q13381863,6156,Q13381863
fencing master,Q1519593,http://www.wikidata.org/entity/Q1519593,80,Q1519593
feudatory,פאודל,http://www.wikidata.org/entity/Q1409420,743,Q1409420
fiddler,נגן פידל,http://www.wikidata.org/entity/Q3560496,643,Q3560496
figure skating coach,Q57199189,http://www.wikidata.org/entity/Q57199189,723,Q57199189
film or television director,במאי קולנוע או טלוויזיה,http://www.wikidata.org/entity/Q6102247,63,Q6102247
financier,ממונאי,http://www.wikidata.org/entity/Q1979607,1272,Q1979607
fisher,דייג,http://www.wikidata.org/entity/Q331432,388,Q331432
florist,Q16735601,http://www.wikidata.org/entity/Q16735601,59,Q16735601
flutist,חלילן,http://www.wikidata.org/entity/Q12902372,1259,Q12902372
folk dancer,Q53869196,http://www.wikidata.org/entity/Q53869196,54,Q53869196
folk song collector,Q67775924,http://www.wikidata.org/entity/Q67775924,59,Q67775924
food critic,מבקר מסעדות,http://www.wikidata.org/entity/Q1495660,151,Q1495660
fortune teller,Q8011724,http://www.wikidata.org/entity/Q8011724,84,Q8011724
freediver,צולל חופשי,http://www.wikidata.org/entity/Q17318006,154,Q17318006
freedom fighter,לוחם חופש,http://www.wikidata.org/entity/Q30242234,172,Q30242234
freemason,בונה חופשי,http://www.wikidata.org/entity/Q23305046,342,Q23305046
Frisian handball player,Q21423578,http://www.wikidata.org/entity/Q21423578,60,Q21423578
furniture designer,מעצב רהיטים,http://www.wikidata.org/entity/Q11455387,516,Q11455387
futsal player,שחקן קטרגל,http://www.wikidata.org/entity/Q18515558,1515,Q18515558
Gaelic football player,כדורגלן גאלי,http://www.wikidata.org/entity/Q17351861,1828,Q17351861
gamer,גיימר,http://www.wikidata.org/entity/Q5276395,97,Q5276395
gangster,גנגסטר,http://www.wikidata.org/entity/Q46961,391,Q46961
gardener,גנן,http://www.wikidata.org/entity/Q758780,1211,Q758780
general manager,"מנכ""ל",http://www.wikidata.org/entity/Q1210069,609,Q1210069
general secretary,מזכיר כללי,http://www.wikidata.org/entity/Q6501749,155,Q6501749
Go player,שחקן גו,http://www.wikidata.org/entity/Q12039558,1639,Q12039558
gold miner,מחפש זהב,http://www.wikidata.org/entity/Q19691902,60,Q19691902
golfer,שחקן גולף,http://www.wikidata.org/entity/Q11303721,5353,Q11303721
gothi,Q1501813,http://www.wikidata.org/entity/Q1501813,56,Q1501813
government employee,Q3796928,http://www.wikidata.org/entity/Q3796928,133,Q3796928
graffiti artist,אמן גרפיטי,http://www.wikidata.org/entity/Q15095148,277,Q15095148
grammarian,מדקדק,http://www.wikidata.org/entity/Q15991187,538,Q15991187
guitarist,גיטריסט,http://www.wikidata.org/entity/Q855091,15873,Q855091
gunneur,Q4070283,http://www.wikidata.org/entity/Q4070283,58,Q4070283
gunsmith,Q1371796,http://www.wikidata.org/entity/Q1371796,349,Q1371796
guru,גורו,http://www.wikidata.org/entity/Q484260,74,Q484260
hacker,האקר,http://www.wikidata.org/entity/Q1487,88,Q1487
hairdresser,מעצב שיער,http://www.wikidata.org/entity/Q55187,589,Q55187
harmonicist,נגן מפוחית פה,http://www.wikidata.org/entity/Q20850090,115,Q20850090
harpsichordist,נגן צ'מבלו,http://www.wikidata.org/entity/Q5371902,792,Q5371902
hatter,כובען,http://www.wikidata.org/entity/Q1639239,112,Q1639239
healer,מרפא,http://www.wikidata.org/entity/Q2518689,389,Q2518689
hedge fund manager,Q43423468,http://www.wikidata.org/entity/Q43423468,64,Q43423468
helminthologist,Q27497422,http://www.wikidata.org/entity/Q27497422,314,Q27497422
hermit,Q189829,http://www.wikidata.org/entity/Q189829,168,Q189829
high school student,תיכוניסט,http://www.wikidata.org/entity/Q15360275,539,Q15360275
historian of Modern Age,היסטוריון  העת החדשה,http://www.wikidata.org/entity/Q17489339,1171,Q17489339
HIV/AIDS activist,Q96034777,http://www.wikidata.org/entity/Q96034777,124,Q96034777
Hofmarschall,Q1623209,http://www.wikidata.org/entity/Q1623209,270,Q1623209
holder of the procuration,Q56404221,http://www.wikidata.org/entity/Q56404221,85,Q56404221
homemaker,עקרת בית,http://www.wikidata.org/entity/Q1934684,554,Q1934684
horn player,נגן קרן,http://www.wikidata.org/entity/Q19729565,632,Q19729565
hotel manager,מלונאי,http://www.wikidata.org/entity/Q1631120,509,Q1631120
hotel owner,Q105756071,http://www.wikidata.org/entity/Q105756071,59,Q105756071
housewife,עקרת בית,http://www.wikidata.org/entity/Q38126150,3351,Q38126150
human rights activist,פעיל זכויות אדם,http://www.wikidata.org/entity/Q1476215,3321,Q1476215
humanist,Q10527030,http://www.wikidata.org/entity/Q10527030,173,Q10527030
humanitarian,הומניטר,http://www.wikidata.org/entity/Q22336956,227,Q22336956
hunter,צייד,http://www.wikidata.org/entity/Q1714828,380,Q1714828
hurler,שחקן הרלינג,http://www.wikidata.org/entity/Q18199024,2282,Q18199024
hygienist,Q651566,http://www.wikidata.org/entity/Q651566,375,Q651566
hymnwriter,כותב המנונים,http://www.wikidata.org/entity/Q13424456,1709,Q13424456
Idist,אידואיסט,http://www.wikidata.org/entity/Q27496075,68,Q27496075
immunologist,אימונולוג,http://www.wikidata.org/entity/Q12119633,1438,Q12119633
impostor,מתחזה,http://www.wikidata.org/entity/Q1413522,162,Q1413522
in-home tutor,Q656823,http://www.wikidata.org/entity/Q656823,145,Q656823
industrial designer,מעצב תעשייתי,http://www.wikidata.org/entity/Q11287574,446,Q11287574
industrial engineer,מהנדס תעשייה וניהול,http://www.wikidata.org/entity/Q2267418,385,Q2267418
industrialist,תעשיין,http://www.wikidata.org/entity/Q6606110,3818,"Q6606110,Q42855995"
inker,Q1153051,http://www.wikidata.org/entity/Q1153051,120,Q1153051
Instagram blogger,בלוגר (אינסטגרם),http://www.wikidata.org/entity/Q45217546,50,Q45217546
insurance broker,סוכן ביטוח,http://www.wikidata.org/entity/Q285759,264,Q285759
intelligence agent,סוכן מודיעין,http://www.wikidata.org/entity/Q392651,200,Q392651
intendant,Q6491450,http://www.wikidata.org/entity/Q6491450,246,Q6491450
intern,מתמחה,http://www.wikidata.org/entity/Q4439148,59,Q4439148
Internet celebrity,אושיית רשת,http://www.wikidata.org/entity/Q2045208,436,Q2045208
investigative journalist,עיתונאי חוקר,http://www.wikidata.org/entity/Q15931838,136,Q15931838
investigator,Q30093123,http://www.wikidata.org/entity/Q30093123,51,Q30093123
investor,משקיע,http://www.wikidata.org/entity/Q557880,570,Q557880
ironmaster,Q3303297,http://www.wikidata.org/entity/Q3303297,248,Q3303297
ironmonger,Q21531924,http://www.wikidata.org/entity/Q21531924,56,Q21531924
javelin thrower,מטיל כידון,http://www.wikidata.org/entity/Q18510502,899,Q18510502
jazz bassist,Q64353861,http://www.wikidata.org/entity/Q64353861,183,Q64353861
jazz clarinetist,Q64354837,http://www.wikidata.org/entity/Q64354837,63,Q64354837
jazz drummer,מתופף ג'אז,http://www.wikidata.org/entity/Q61946839,132,Q61946839
jazz guitarist,גיטריסט ג'אז,http://www.wikidata.org/entity/Q6168364,1683,Q6168364
jazz pianist,פסנתרן ג'אז,http://www.wikidata.org/entity/Q61947380,180,Q61947380
jazz saxophonist,סקסופוניסט ג'אז,http://www.wikidata.org/entity/Q64355059,50,Q64355059
jazz singer,זמר ג'אז,http://www.wikidata.org/entity/Q66314404,122,Q66314404
jazz trumpeter,חצוצרן ג'אז,http://www.wikidata.org/entity/Q61947786,85,Q61947786
jihadist,ג'יהאדיסט,http://www.wikidata.org/entity/Q21512362,78,Q21512362
journalist,עיתונאי,http://www.wikidata.org/entity/Q1930187,143731,Q1930187
judoka,ג'ודוקא,http://www.wikidata.org/entity/Q6665249,8046,Q6665249
Kammermusiker,Q1484046,http://www.wikidata.org/entity/Q1484046,54,Q1484046
kapellmeister,קאפלמייסטר,http://www.wikidata.org/entity/Q215793,1209,Q215793
karateka,קראטקה,http://www.wikidata.org/entity/Q9017214,2176,Q9017214
kayaker,קיאקיסט,http://www.wikidata.org/entity/Q16004471,869,Q16004471
khatib,Q932945,http://www.wikidata.org/entity/Q932945,53,Q932945
kickboxer,קיקבוקסר,http://www.wikidata.org/entity/Q11296761,1617,Q11296761
Kirchenmusikdirektor,מנצח מקהלת כנסייה,http://www.wikidata.org/entity/Q1294133,178,Q1294133
KVN actor,שחקן ק.ו.ן,http://www.wikidata.org/entity/Q98925420,151,Q98925420
labor historian,Q40468055,http://www.wikidata.org/entity/Q40468055,60,Q40468055
labor leader,מנהיג פועלים,http://www.wikidata.org/entity/Q50768646,64,Q50768646
laborer,פועל יום,http://www.wikidata.org/entity/Q19862215,82,Q19862215
land owner,בעל אדמה,http://www.wikidata.org/entity/Q1483709,1327,Q1483709
landlord,Q618532,http://www.wikidata.org/entity/Q618532,508,Q618532
landscape painter,צייר נוף,http://www.wikidata.org/entity/Q21600439,765,Q21600439
large estate owner,Q1549283,http://www.wikidata.org/entity/Q1549283,796,Q1549283
leader,מנהיג,http://www.wikidata.org/entity/Q1251441,317,Q1251441
lector,לקטור,http://www.wikidata.org/entity/Q1553123,194,Q1553123
legal scholar,חוקר משפט,http://www.wikidata.org/entity/Q16012028,2125,Q16012028
legislator,מחוקק,http://www.wikidata.org/entity/Q4175034,318,Q4175034
lepidopterist,לפידופטרולוג,http://www.wikidata.org/entity/Q497294,911,Q497294
LGBTQI+ rights activist,"פעיל זכויות להט""ב",http://www.wikidata.org/entity/Q19509201,1318,Q19509201
librarian,ספרן,http://www.wikidata.org/entity/Q182436,17200,Q182436
Liedermacher,לידרמאכר,http://www.wikidata.org/entity/Q956365,206,Q956365
linguist,בלשן,http://www.wikidata.org/entity/Q14467526,18829,Q14467526
liturgist,Q10567966,http://www.wikidata.org/entity/Q10567966,198,Q10567966
llullist,Q23957324,http://www.wikidata.org/entity/Q23957324,51,Q23957324
local government officer,Q107199914,http://www.wikidata.org/entity/Q107199914,84,Q107199914
local historian,היסטוריון מקומי,http://www.wikidata.org/entity/Q1595570,3297,Q1595570
local politician,פוליטיקאי מוניציפלי,http://www.wikidata.org/entity/Q10547393,2351,Q10547393
Lord,לורד,http://www.wikidata.org/entity/Q12826225,230,Q12826225
Lord Mayor,הלורד ראש העיר,http://www.wikidata.org/entity/Q11902879,124,Q11902879
lumberjack,חוטב עצים,http://www.wikidata.org/entity/Q1124183,58,Q1124183
magistrate,Q6731168,http://www.wikidata.org/entity/Q6731168,173,Q6731168
malacologist,מלקולוג,http://www.wikidata.org/entity/Q16271261,1237,Q16271261
mandolinist,נגן מנדולינה,http://www.wikidata.org/entity/Q19723482,366,Q19723482
manual worker,פועל שחור,http://www.wikidata.org/entity/Q12713481,1236,Q12713481
marine biologist,ביולוג ימי,http://www.wikidata.org/entity/Q3640160,1065,Q3640160
martial artist,אמן לחימה,http://www.wikidata.org/entity/Q11124885,1243,Q11124885
mass murderer,רוצח המונים,http://www.wikidata.org/entity/Q15883433,174,Q15883433
master craftsman,Q1284709,http://www.wikidata.org/entity/Q1284709,275,Q1284709
master of ceremonies,עורך-מנחה טקסים,http://www.wikidata.org/entity/Q497240,202,Q497240
mayor,ראש עירייה,http://www.wikidata.org/entity/Q30185,3940,Q30185
media personality,איש תקשורת,http://www.wikidata.org/entity/Q1885941,196,Q1885941
medical administrator,Q26832546,http://www.wikidata.org/entity/Q26832546,89,Q26832546
medical specialist,Q3332438,http://www.wikidata.org/entity/Q3332438,129,Q3332438
medieval archaeologist,Q52231239,http://www.wikidata.org/entity/Q52231239,153,Q52231239
medium,תקשור,http://www.wikidata.org/entity/Q583271,89,Q583271
member of parliament,חבר פרלמנט,http://www.wikidata.org/entity/Q486839,1463,Q486839
mentor,מנטור,http://www.wikidata.org/entity/Q16515647,53,Q16515647
middle school student,תלמיד חטיבה,http://www.wikidata.org/entity/Q16003532,50,Q16003532
midwife,מיילדת,http://www.wikidata.org/entity/Q185196,718,Q185196
militant,מיליטנטי,http://www.wikidata.org/entity/Q17010072,218,Q17010072
military athlete,Q2312865,http://www.wikidata.org/entity/Q2312865,76,Q2312865
military historian,היסטוריון צבאי,http://www.wikidata.org/entity/Q1493121,1053,Q1493121
military personnel,איש צבא,http://www.wikidata.org/entity/Q47064,83831,"Q47064,Q19934710,Q38239859"
miller,טוחן,http://www.wikidata.org/entity/Q694116,260,Q694116
mime artist,פנטומימאי,http://www.wikidata.org/entity/Q674067,323,Q674067
mind gamer,Q61747890,http://www.wikidata.org/entity/Q61747890,1542,Q61747890
minister,שר,http://www.wikidata.org/entity/Q83307,1452,Q83307
mintmaster,Q1463475,http://www.wikidata.org/entity/Q1463475,847,Q1463475
mistress,Q625369,http://www.wikidata.org/entity/Q625369,62,Q625369
mobster,Q1404030,http://www.wikidata.org/entity/Q1404030,140,Q1404030
modiste,Q18199649,http://www.wikidata.org/entity/Q18199649,95,Q18199649
monarch,מונרך,http://www.wikidata.org/entity/Q116,3466,Q116
motocross rider,Q12327806,http://www.wikidata.org/entity/Q12327806,395,Q12327806
motorcycle trials rider,Q24259627,http://www.wikidata.org/entity/Q24259627,131,Q24259627
mountain biker,רוכב אופני הרים,http://www.wikidata.org/entity/Q19799599,444,Q19799599
mufassir,מופסיר,http://www.wikidata.org/entity/Q12912932,175,Q12912932
mui tsai,Q1951959,http://www.wikidata.org/entity/Q1951959,68,Q1951959
multi-instrumentalist,רב־נגן,http://www.wikidata.org/entity/Q1327329,334,Q1327329
murderer,רוצח,http://www.wikidata.org/entity/Q931260,445,Q931260
museum professional,Q47090899,http://www.wikidata.org/entity/Q47090899,340,Q47090899
music executive,מנהל מוזיקה,http://www.wikidata.org/entity/Q3089940,838,Q3089940
music publicist,Q108333755,http://www.wikidata.org/entity/Q108333755,83,Q108333755
musician,מוזיקאי,http://www.wikidata.org/entity/Q639669,86657,"Q639669,Q101084010,Q104224753,Q105755601,Q42303786,Q63243029,Q67158337,Q67200506,Q81558583,Q98523719,Q1294626,Q3197853,Q5358395,Q15981151,Q66763670,Q29017403"
musicographer,Q61996872,http://www.wikidata.org/entity/Q61996872,277,Q61996872
myriapodologist,Q27924982,http://www.wikidata.org/entity/Q27924982,180,Q27924982
mystic,מיסטיקן,http://www.wikidata.org/entity/Q12328016,346,Q12328016
mythographer,מיתוגרף,http://www.wikidata.org/entity/Q24387326,179,Q24387326
nanny,אומנת,http://www.wikidata.org/entity/Q936969,237,Q936969
narrator,דובר,http://www.wikidata.org/entity/Q58363586,861,Q58363586
naturalist,חוקר טבע,http://www.wikidata.org/entity/Q18805,4148,Q18805
naval architect,מהנדס ימי,http://www.wikidata.org/entity/Q1644847,192,Q1644847
nematologist,Q21491495,http://www.wikidata.org/entity/Q21491495,204,Q21491495
newspaper proprietor,Q24266767,http://www.wikidata.org/entity/Q24266767,343,Q24266767
nightclub owner,בעל מועדון לילה,http://www.wikidata.org/entity/Q22810659,102,Q22810659
Norwegian public servant,Q11993231,http://www.wikidata.org/entity/Q11993231,92,Q11993231
nurse,אח,http://www.wikidata.org/entity/Q186360,5689,Q186360
oboist,אבובן,http://www.wikidata.org/entity/Q16003954,714,Q16003954
occultist,Q12797895,http://www.wikidata.org/entity/Q12797895,114,Q12797895
ocean rower,Q21081635,http://www.wikidata.org/entity/Q21081635,54,Q21081635
official,פקיד ממשל,http://www.wikidata.org/entity/Q599151,8844,Q599151
Olympic competitor,Q58825429,http://www.wikidata.org/entity/Q58825429,70,Q58825429
online streamer,סטרימר,http://www.wikidata.org/entity/Q57414145,260,Q57414145
opera singer,זמר אופרה,http://www.wikidata.org/entity/Q2865819,15830,Q2865819
optician,אופטיקאי,http://www.wikidata.org/entity/Q1996635,184,Q1996635
oracle,אורקל,http://www.wikidata.org/entity/Q217123,111,Q217123
orchestrator,מתזמר,http://www.wikidata.org/entity/Q3355249,70,Q3355249
organic chemist,Q34463094,http://www.wikidata.org/entity/Q34463094,151,Q34463094
organist,נגן עוגב,http://www.wikidata.org/entity/Q765778,7797,Q765778
organizational founder,מייסד ארגונים,http://www.wikidata.org/entity/Q4479442,470,Q4479442
ornithologist,אורניתולוג,http://www.wikidata.org/entity/Q1225716,3965,Q1225716
pacifist,פציפיסט,http://www.wikidata.org/entity/Q16003550,92,Q16003550
painter,צייר,http://www.wikidata.org/entity/Q1028181,188848,Q1028181
paleoentomologist,Q27645949,http://www.wikidata.org/entity/Q27645949,52,Q27645949
papermaker,יצרן נייר,http://www.wikidata.org/entity/Q3362826,158,Q3362826
parasitologist,פרזיטולוג,http://www.wikidata.org/entity/Q12773412,1091,Q12773412
partisan,פרטיזן,http://www.wikidata.org/entity/Q212948,3392,Q212948
pastry chef,מגדנאי,http://www.wikidata.org/entity/Q1191511,308,Q1191511
patent inventor,ממציא פטנטים,http://www.wikidata.org/entity/Q715679,60,Q715679
patron of the arts,פטרון אמנות,http://www.wikidata.org/entity/Q15472169,1314,Q15472169
peace activist,פעיל שלום,http://www.wikidata.org/entity/Q16323111,963,Q16323111
peasant,איכר,http://www.wikidata.org/entity/Q838811,1060,Q838811
penciller,עפרונאי,http://www.wikidata.org/entity/Q17098559,835,Q17098559
pensioner,אזרח ותיק,http://www.wikidata.org/entity/Q1749879,14872,Q1749879
pentathlete,Q21141408,http://www.wikidata.org/entity/Q21141408,856,Q21141408
percussionist,נגן כלי הקשה,http://www.wikidata.org/entity/Q4351403,1590,Q4351403
performance artist,אמן מיצג,http://www.wikidata.org/entity/Q10774753,2180,Q10774753
pesäpallo player,שחקן פספאלו,http://www.wikidata.org/entity/Q18667447,769,Q18667447
Ph.D. candidate,דוקטורנט,http://www.wikidata.org/entity/Q12764792,953,Q12764792
philanthropist,נדבן,http://www.wikidata.org/entity/Q12362622,3015,Q12362622
philatelist,אספן בולים,http://www.wikidata.org/entity/Q1475726,465,Q1475726
philosopher,פילוסוף,http://www.wikidata.org/entity/Q4964182,27836,Q4964182
philosopher of law,פילוסוף של המשפט,http://www.wikidata.org/entity/Q23760244,76,Q23760244
photographer,צלם,http://www.wikidata.org/entity/Q33231,64401,Q33231
phycologist,פיקולוג,http://www.wikidata.org/entity/Q12358881,551,Q12358881
physical chemist,כימאי פיזיקלי,http://www.wikidata.org/entity/Q16744668,503,Q16744668
physician,רופא,http://www.wikidata.org/entity/Q39631,76816,Q39631
physiotherapist,פיזיותרפיסט,http://www.wikidata.org/entity/Q694748,781,Q694748
pianist,פסנתרן,http://www.wikidata.org/entity/Q486748,22526,Q486748
pirate,פיראט,http://www.wikidata.org/entity/Q10729326,610,Q10729326
plant breeder,Q60441566,http://www.wikidata.org/entity/Q60441566,53,Q60441566
plantation owner,Q21550888,http://www.wikidata.org/entity/Q21550888,776,Q21550888
plasterer,Q15284879,http://www.wikidata.org/entity/Q15284879,279,Q15284879
Playboy Playmate,נערת פלייבוי,http://www.wikidata.org/entity/Q728711,908,Q728711
playwright,מחזאי,http://www.wikidata.org/entity/Q214917,18002,Q214917
podcaster,פודקאסטר,http://www.wikidata.org/entity/Q15077007,1347,Q15077007
polar explorer,Q13382749,http://www.wikidata.org/entity/Q13382749,61,Q13382749
political activist,פעיל פוליטי,http://www.wikidata.org/entity/Q11499147,1821,Q11499147
political appointee,Q2101540,http://www.wikidata.org/entity/Q2101540,58,Q2101540
political candidate,Q19772737,http://www.wikidata.org/entity/Q19772737,12035,Q19772737
political prisoner,אסיר פוליטי,http://www.wikidata.org/entity/Q217105,206,Q217105
politician,פוליטיקאי,http://www.wikidata.org/entity/Q82955,738496,Q82955
polymath,איש אשכולות,http://www.wikidata.org/entity/Q270141,67,Q270141
pop singer,זמר פופ,http://www.wikidata.org/entity/Q60723829,577,Q60723829
porcelain painter,Q24056480,http://www.wikidata.org/entity/Q24056480,388,Q24056480
pornographic actor,שחקן פורנוגרפיה,http://www.wikidata.org/entity/Q488111,6155,Q488111
portrait painter,צייר פורטרטים,http://www.wikidata.org/entity/Q2180411,202,Q2180411
postal official,Q50118159,http://www.wikidata.org/entity/Q50118159,285,Q50118159
postal worker,עובד דואר,http://www.wikidata.org/entity/Q7234072,72,Q7234072
postmaster,מנהל בית דואר,http://www.wikidata.org/entity/Q1416611,495,Q1416611
prefect,פריפקט,http://www.wikidata.org/entity/Q1285463,98,Q1285463
president,נשיא,http://www.wikidata.org/entity/Q1255921,415,Q1255921
print publisher,Q65123129,http://www.wikidata.org/entity/Q65123129,89,Q65123129
printer-bookseller,Q40881196,http://www.wikidata.org/entity/Q40881196,1441,Q40881196
prisoner,אסיר,http://www.wikidata.org/entity/Q1862087,114,Q1862087
Privatdozent,פריבט-דוצנט,http://www.wikidata.org/entity/Q1402736,219,Q1402736
private sector employee,Q63755149,http://www.wikidata.org/entity/Q63755149,303,Q63755149
professional gamer,Q4379701,http://www.wikidata.org/entity/Q4379701,1306,Q4379701
proofreader,עורך משנה,http://www.wikidata.org/entity/Q356139,254,Q356139
proprietor,בעלים,http://www.wikidata.org/entity/Q16869121,213,Q16869121
Protestant reformer,רפורמטור פרוטסטנטי,http://www.wikidata.org/entity/Q763779,59,Q763779
psychic,מדיום,http://www.wikidata.org/entity/Q2917466,127,Q2917466
public figure,איש ציבור,http://www.wikidata.org/entity/Q662729,1742,Q662729
publican,Q24729786,http://www.wikidata.org/entity/Q24729786,72,Q24729786
publicist,מנהל תדמית,http://www.wikidata.org/entity/Q4178004,437,Q4178004
publisher,מוציא לאור,http://www.wikidata.org/entity/Q2516866,17462,Q2516866
Qari,קארי,http://www.wikidata.org/entity/Q3595924,274,Q3595924
queen regnant,המלכה האם,http://www.wikidata.org/entity/Q19643,126,Q19643
quizzer,Q41593843,http://www.wikidata.org/entity/Q41593843,51,Q41593843
racing automobile driver,נהג מכוניות מרוץ,http://www.wikidata.org/entity/Q10349745,6939,Q10349745
radio journalist,Q24702769,http://www.wikidata.org/entity/Q24702769,194,Q24702769
railway executive,Q45920048,http://www.wikidata.org/entity/Q45920048,81,Q45920048
rapper,ראפר,http://www.wikidata.org/entity/Q2252262,7193,Q2252262
real estate developer,"מפתח נכסי נדל""ן",http://www.wikidata.org/entity/Q17487600,148,Q17487600
reality television participant,משתתף תוכנית ריאליטי,http://www.wikidata.org/entity/Q27658988,1358,Q27658988
rebel,מורד,http://www.wikidata.org/entity/Q1125062,303,Q1125062
recluse,Q2303143,http://www.wikidata.org/entity/Q2303143,149,Q2303143
regional historian,היסטוריון של איזור,http://www.wikidata.org/entity/Q17488465,742,Q17488465
rejoneador,Q2376278,http://www.wikidata.org/entity/Q2376278,72,Q2376278
remixer,רמיקסר,http://www.wikidata.org/entity/Q57936775,56,Q57936775
Renaissance humanist,Q1636680,http://www.wikidata.org/entity/Q1636680,244,Q1636680
rentier,Q7313543,http://www.wikidata.org/entity/Q7313543,53,Q7313543
research assistant,עוזר מחקר,http://www.wikidata.org/entity/Q5405633,70,Q5405633
researcher,חוקר,http://www.wikidata.org/entity/Q1650915,1766428,Q1650915
reserve officer,Q881836,http://www.wikidata.org/entity/Q881836,50,Q881836
resistance fighter,לוחם מחתרת,http://www.wikidata.org/entity/Q1397808,4521,Q1397808
retired,Q64825398,http://www.wikidata.org/entity/Q64825398,403,Q64825398
reviewer,Q10650082,http://www.wikidata.org/entity/Q10650082,166,Q10650082
revolutionary,מהפכן,http://www.wikidata.org/entity/Q3242115,5490,Q3242115
robber,שודד,http://www.wikidata.org/entity/Q10659189,126,Q10659189
rower,חותר,http://www.wikidata.org/entity/Q13382576,15099,Q13382576
rowing administrator,Q21578283,http://www.wikidata.org/entity/Q21578283,122,Q21578283
royalty,משפחת המלוכה,http://www.wikidata.org/entity/Q11573099,101,Q11573099
ruler,שליט,http://www.wikidata.org/entity/Q1097498,1814,Q1097498
runner,רץ,http://www.wikidata.org/entity/Q12803959,651,Q12803959
runologist,חוקר רונות,http://www.wikidata.org/entity/Q16658624,72,Q16658624
sailor,שייט,http://www.wikidata.org/entity/Q476246,4341,Q476246
satirist,סאטיריקן,http://www.wikidata.org/entity/Q9334029,304,Q9334029
saxophonist,סקסופוניסט,http://www.wikidata.org/entity/Q12800682,3847,Q12800682
scenic designer,מעצב במה,http://www.wikidata.org/entity/Q51085009,149,Q51085009
school director,Q50940853,http://www.wikidata.org/entity/Q50940853,63,Q50940853
schoolchild,תלמיד,http://www.wikidata.org/entity/Q48942,1031,Q48942
schoolmaster,Q1459149,http://www.wikidata.org/entity/Q1459149,351,Q1459149
science communicator,Q15143191,http://www.wikidata.org/entity/Q15143191,608,Q15143191
science journalist,עיתונאי מדע,http://www.wikidata.org/entity/Q17433421,199,Q17433421
scientific collector,Q98544732,http://www.wikidata.org/entity/Q98544732,276,Q98544732
scientific explorer,Q10498147,http://www.wikidata.org/entity/Q10498147,166,Q10498147
scout,Q18121791,http://www.wikidata.org/entity/Q18121791,53,Q18121791
scout leader,Q2540793,http://www.wikidata.org/entity/Q2540793,77,Q2540793
Scrabble player,שחקן שבץ נא,http://www.wikidata.org/entity/Q20708269,99,Q20708269
scrivener,כותב בקשות,http://www.wikidata.org/entity/Q1318187,279,Q1318187
sculptor,פסל,http://www.wikidata.org/entity/Q1281618,48175,Q1281618
seamstress,Q67205775,http://www.wikidata.org/entity/Q67205775,426,Q67205775
secretary,מזכיר,http://www.wikidata.org/entity/Q80687,1814,"Q80687,Q319544"
secretary of state,מזכיר מדינה,http://www.wikidata.org/entity/Q736559,121,Q736559
security hacker,תקיפת מחשב,http://www.wikidata.org/entity/Q2798820,60,Q2798820
seer,Q2191756,http://www.wikidata.org/entity/Q2191756,64,Q2191756
senator,סנאטור,http://www.wikidata.org/entity/Q15686806,166,Q15686806
serial killer,רוצח סדרתי,http://www.wikidata.org/entity/Q484188,1203,Q484188
sertanista,Q10370560,http://www.wikidata.org/entity/Q10370560,131,Q10370560
settler,התיישבות,http://www.wikidata.org/entity/Q1818899,213,Q1818899
sexologist,סקסולוג,http://www.wikidata.org/entity/Q2920595,222,Q2920595
ship-owner,בעל ספינה,http://www.wikidata.org/entity/Q500251,1788,Q500251
shopkeeper,חנווני,http://www.wikidata.org/entity/Q7501153,900,Q7501153
shot putter,הודף כדור ברזל,http://www.wikidata.org/entity/Q18534714,431,Q18534714
show jumper,Q24797688,http://www.wikidata.org/entity/Q24797688,353,Q24797688
singer,זמר,http://www.wikidata.org/entity/Q177220,107108,Q177220
singer-songwriter,זמר-יוצר,http://www.wikidata.org/entity/Q488205,16840,Q488205
sitarist,Q51679083,http://www.wikidata.org/entity/Q51679083,72,Q51679083
ski mountaineer,Q19801627,http://www.wikidata.org/entity/Q19801627,562,Q19801627
ski-orienteer,נווט סקי,http://www.wikidata.org/entity/Q18664049,113,Q18664049
slave trader,סוחר עבדים,http://www.wikidata.org/entity/Q17769800,398,Q17769800
slavicist,סלביסט,http://www.wikidata.org/entity/Q15976341,1586,Q15976341
smuggler,מבריח,http://www.wikidata.org/entity/Q17176618,63,Q17176618
snowboarder,גולש שלג,http://www.wikidata.org/entity/Q15709642,1264,Q15709642
social activist,פעיל חברתי,http://www.wikidata.org/entity/Q8359428,1526,Q8359428
social reformer,רפורמטור חברתי,http://www.wikidata.org/entity/Q16611574,218,Q16611574
socialite,אישיות החברה הגבוהה,http://www.wikidata.org/entity/Q512314,1382,Q512314
software engineer,מהנדס תוכנה,http://www.wikidata.org/entity/Q1709010,447,Q1709010
sovereign,מושל,http://www.wikidata.org/entity/Q2304859,2321,Q2304859
speed skater,Q10866633,http://www.wikidata.org/entity/Q10866633,3734,Q10866633
spelman,Q1268911,http://www.wikidata.org/entity/Q1268911,58,Q1268911
spongiologist,ספוגיולוג,http://www.wikidata.org/entity/Q26936818,222,Q26936818
sport historian,היסטוריון של הספורט,http://www.wikidata.org/entity/Q17504998,104,Q17504998
sports executive,מנהל ספורטיבי,http://www.wikidata.org/entity/Q26481809,2219,Q26481809
sportsperson,Q50995749,http://www.wikidata.org/entity/Q50995749,244,Q50995749
sportswriter,כתב ספורט,http://www.wikidata.org/entity/Q11313148,327,Q11313148
spree killer,Q1154323,http://www.wikidata.org/entity/Q1154323,104,Q1154323
squash player,שחקן סקווש,http://www.wikidata.org/entity/Q16278103,1513,Q16278103
stained-glass artist,אמן ויטראז',http://www.wikidata.org/entity/Q2205972,390,Q2205972
State lawyer,Q66172428,http://www.wikidata.org/entity/Q66172428,73,Q66172428
stevedore,Q1537445,http://www.wikidata.org/entity/Q1537445,75,Q1537445
storyteller,מספר סיפורים,http://www.wikidata.org/entity/Q16023925,369,Q16023925
student,תלמיד,http://www.wikidata.org/entity/Q48282,2839,Q48282
suffragette,סופרג'יסט,http://www.wikidata.org/entity/Q322170,1117,Q322170
suffragist,סופרג'יסטית,http://www.wikidata.org/entity/Q27532437,3105,Q27532437
Sufi,Q2892720,http://www.wikidata.org/entity/Q2892720,129,Q2892720
surfer,גולש גלים,http://www.wikidata.org/entity/Q13561328,612,Q13561328
swimmer,שחיין,http://www.wikidata.org/entity/Q10843402,16019,Q10843402
swordfighter,סייף,http://www.wikidata.org/entity/Q11397897,389,Q11397897
syndicalist,Q48705382,http://www.wikidata.org/entity/Q48705382,138,Q48705382
taekwondo athlete,לוחם טאקוונדו,http://www.wikidata.org/entity/Q13382533,4620,Q13382533
taxidermist,Q2114844,http://www.wikidata.org/entity/Q2114844,115,Q2114844
teacher,מורה,http://www.wikidata.org/entity/Q37226,67993,"Q37226,Q101444477,Q101445630,Q104248032,Q10429561,Q104824215,Q104824316,Q10497467,Q110996202,Q53614577,Q60102223,Q2251335,Q101572682,Q2312637,Q101571553,Q101570375,Q2675537,Q101579667,Q7939609,Q17303149,Q101571189,Q15977927,Q2393361"
teaching assistant,עוזר הוראה,http://www.wikidata.org/entity/Q2070313,54,Q2070313
telegraphist,מפעיל טלגרף,http://www.wikidata.org/entity/Q2024200,96,Q2024200
television executive,Q60223236,http://www.wikidata.org/entity/Q60223236,99,Q60223236
television journalist,Q22976182,http://www.wikidata.org/entity/Q22976182,282,Q22976182
television personality,איש טלוויזיה,http://www.wikidata.org/entity/Q44508716,665,Q44508716
temperance worker,Q97621558,http://www.wikidata.org/entity/Q97621558,86,Q97621558
tenor,Q98834046,http://www.wikidata.org/entity/Q98834046,60,Q98834046
terrorist,טרוריסט,http://www.wikidata.org/entity/Q14886050,618,Q14886050
Tertön,Q2493637,http://www.wikidata.org/entity/Q2493637,137,Q2493637
Thai boxer,לוחם איגרוף תאילנדי,http://www.wikidata.org/entity/Q388513,1043,Q388513
theatre manager,מנהל תיאטרון,http://www.wikidata.org/entity/Q1776724,1644,Q1776724
theatrologist,חוקר תיאטרון,http://www.wikidata.org/entity/Q10379007,1292,Q10379007
thief,גנב,http://www.wikidata.org/entity/Q3562775,218,Q3562775
TikToker,טיקטוקר,http://www.wikidata.org/entity/Q94791573,135,Q94791573
timber merchant,Q11518629,http://www.wikidata.org/entity/Q11518629,82,Q11518629
torturer,מענה,http://www.wikidata.org/entity/Q20725072,131,Q20725072
trade unionist,איש איגוד מקצועי,http://www.wikidata.org/entity/Q15627169,10712,Q15627169
traditional folk singer,זמר עממי,http://www.wikidata.org/entity/Q2532239,107,Q2532239
trapper,לוכד,http://www.wikidata.org/entity/Q14009165,51,Q14009165
travel writer,כותב ספרי מסע,http://www.wikidata.org/entity/Q3579035,573,Q3579035
traveler,נוסע,http://www.wikidata.org/entity/Q22813352,725,Q22813352
treasurer,גזבר,http://www.wikidata.org/entity/Q388338,190,Q388338
tribal chief,צ'יף,http://www.wikidata.org/entity/Q1259323,616,Q1259323
trombonist,טרומבוניסט,http://www.wikidata.org/entity/Q544972,516,Q544972
trumpeter,חצוצרן,http://www.wikidata.org/entity/Q12377274,1893,Q12377274
tuba player,נגן טובה,http://www.wikidata.org/entity/Q16156383,82,Q16156383
Twitch streamer,סטרימר טוויץ',http://www.wikidata.org/entity/Q50279140,224,Q50279140
typographer,טיפוגרף,http://www.wikidata.org/entity/Q1229025,2005,Q1229025
unemployed,Q28790169,http://www.wikidata.org/entity/Q28790169,55,Q28790169
union organizer,Q7886765,http://www.wikidata.org/entity/Q7886765,91,Q7886765
university student,סטודנט,http://www.wikidata.org/entity/Q315247,381,Q315247
Valencian pilota player,Q23067916,http://www.wikidata.org/entity/Q23067916,136,Q23067916
vibraphonist,Q21855974,http://www.wikidata.org/entity/Q21855974,51,Q21855974
vice president,סגן נשיא,http://www.wikidata.org/entity/Q42178,130,Q42178
video game designer,מעצב משחקי וידאו,http://www.wikidata.org/entity/Q18882335,221,Q18882335
video game writer,Q3476620,http://www.wikidata.org/entity/Q3476620,100,Q3476620
violinist,כנר,http://www.wikidata.org/entity/Q1259917,7995,Q1259917
vocal coach,מאמן ווקאלי,http://www.wikidata.org/entity/Q2350126,179,Q2350126
Vogt,פוגט,http://www.wikidata.org/entity/Q4122737,282,Q4122737
volunteer,מתנדב,http://www.wikidata.org/entity/Q24716636,173,Q24716636
VTuber,יוטיובר וירטואלי,http://www.wikidata.org/entity/Q55155641,318,Q55155641
wāli,ואלי,http://www.wikidata.org/entity/Q12087689,153,Q12087689
warlord,מצביא,http://www.wikidata.org/entity/Q220098,82,Q220098
warrior,לוחם,http://www.wikidata.org/entity/Q1250916,1135,Q1250916
watercolorist,Q17505902,http://www.wikidata.org/entity/Q17505902,2729,Q17505902
weapon historian,Q108741972,http://www.wikidata.org/entity/Q108741972,53,Q108741972
webcam model,דוגמנית מצלמה,http://www.wikidata.org/entity/Q1027930,176,Q1027930
weightlifter,מרים משקולות,http://www.wikidata.org/entity/Q13381376,5099,Q13381376
whaler,Q28466165,http://www.wikidata.org/entity/Q28466165,59,Q28466165
wheelchair basketball player,Q45322469,http://www.wikidata.org/entity/Q45322469,107,Q45322469
wheelchair curler,Q28836794,http://www.wikidata.org/entity/Q28836794,216,Q28836794
wheelchair rugby player,Q62056314,http://www.wikidata.org/entity/Q62056314,99,Q62056314
wheelchair tennis player,שחקן טניס נכים,http://www.wikidata.org/entity/Q18814798,153,Q18814798
whistleblower,חושף שחיתות,http://www.wikidata.org/entity/Q26102,101,Q26102
white-collar worker,צווארון לבן,http://www.wikidata.org/entity/Q255274,196,Q255274
Wikimedian,ויקימד,http://www.wikidata.org/entity/Q41546637,422,Q41546637
Wikipedian,ויקיפד,http://www.wikidata.org/entity/Q23038345,252,Q23038345
wine merchant,Q2556132,http://www.wikidata.org/entity/Q2556132,77,Q2556132
witch,מכשפה,http://www.wikidata.org/entity/Q1616828,100,Q1616828
women's rights activist,פעיל זכויות נשים,http://www.wikidata.org/entity/Q28692502,2531,Q28692502
wood carver,מגלף  עץ,http://www.wikidata.org/entity/Q6138343,1091,Q6138343
worker,פועל,http://www.wikidata.org/entity/Q327055,373,Q327055
wrestler,מתאבק,http://www.wikidata.org/entity/Q27978698,405,Q27978698
writer,סופר,http://www.wikidata.org/entity/Q36180,316449,Q36180
yodeler,זמר יודל,http://www.wikidata.org/entity/Q21234378,80,Q21234378
yogi,יוגי,http://www.wikidata.org/entity/Q2901587,69,Q2901587
YouTuber,יוטיובר,http://www.wikidata.org/entity/Q17125263,3190,Q17125263
zionist,ציוני,http://www.wikidata.org/entity/Q12718299,74,Q12718299